{"buildTime":"2023-10-10T18:21:19.688Z","sources":[{"id":"Kanzenin","name":"Kanzenin","author":"NaufalJCT48","desc":"Extension that pulls manga from https://kanzenin.info","website":"http://github.com/NaufalJCT48","contentRating":"ADULT","version":"2.0.3","icon":"icon.png","tags":[{"text":"Indonesia","type":"info"},{"text":"18+","type":"danger"}],"websiteBaseURL":"https://kanzenin.info","intents":53},{"id":"Kiryuu","name":"Kiryuu","author":"NaufalJCT48","desc":"Extension that pulls manga from https://kiryuu.id","website":"http://github.com/NaufalJCT48","contentRating":"MATURE","version":"2.0.0","icon":"icon.png","tags":[{"text":"Indonesia","type":"info"}],"websiteBaseURL":"https://kiryuu.id","intents":53},{"id":"KomikIndo","name":"KomikIndo","author":"NaufalJCT48","desc":"Extension that pulls manga from https://komikindo.co","website":"http://github.com/NaufalJCT48","contentRating":"EVERYONE","version":"2.0.0","icon":"icon.png","tags":[{"text":"Indonesia","type":"info"}],"websiteBaseURL":"https://komikindo.co","intents":53},{"id":"KomikIndoTop","name":"KomikIndoTop","author":"NaufalJCT48","desc":"Extension that pulls manga from https://komikindo.top","website":"http://github.com/NaufalJCT48","contentRating":"ADULT","version":"2.0.0","icon":"icon.png","tags":[{"text":"Indonesia","type":"info"},{"text":"18+","type":"danger"}],"websiteBaseURL":"https://komikindo.top","intents":53},{"id":"KomikTap","name":"KomikTap","author":"NaufalJCT48","desc":"Extension that pulls manga from https://komiktap.me","website":"http://github.com/NaufalJCT48","contentRating":"ADULT","version":"2.0.1","icon":"icon.png","tags":[{"text":"Indonesia","type":"info"},{"text":"18+","type":"danger"}],"websiteBaseURL":"https://komiktap.me","intents":53},{"id":"Komikcast","name":"Komikcast","author":"NaufalJCT48","desc":"Extension that pulls manga from https://komikcast.vip","website":"http://github.com/NaufalJCT48","contentRating":"MATURE","version":"2.0.2","icon":"icon.png","tags":[{"text":"Indonesia","type":"info"}],"websiteBaseURL":"https://komikcast.vip","intents":53},{"id":"Komiku","name":"Komiku","author":"NaufalJCT48","desc":"Extension that pulls manga from https://komiku.com","website":"http://github.com/NaufalJCT48","contentRating":"EVERYONE","version":"2.0.0","icon":"icon.png","tags":[{"text":"Indonesia","type":"info"}],"websiteBaseURL":"https://komiku.com","intents":53},{"id":"Mangasusu","name":"Mangasusu","author":"NaufalJCT48","desc":"Extension that pulls manga from https://mangasusuku.xyz","website":"http://github.com/NaufalJCT48","contentRating":"ADULT","version":"2.0.1","icon":"icon.png","tags":[{"text":"Indonesia","type":"info"},{"text":"18+","type":"danger"}],"websiteBaseURL":"https://mangasusuku.xyz","intents":53},{"id":"Mangatale","name":"Mangatale","author":"NaufalJCT48","desc":"Extension that pulls manga from https://mangatale.co","website":"http://github.com/NaufalJCT48","contentRating":"EVERYONE","version":"2.0.0","icon":"icon.png","tags":[{"text":"Indonesia","type":"info"}],"websiteBaseURL":"https://mangatale.co","intents":53},{"id":"Nonbiri","name":"Nonbiri","author":"NaufalJCT48","desc":"Extension that pulls manga from https://nonbiri.space","website":"http://github.com/NaufalJCT48","contentRating":"EVERYONE","version":"2.0.1","icon":"icon.png","tags":[{"text":"Indonesia","type":"info"}],"websiteBaseURL":"https://nonbiri.space","intents":53},{"id":"Tenshi","name":"Tenshi","author":"NaufalJCT48","desc":"Extension that pulls manga from https://tenshi.id","website":"http://github.com/NaufalJCT48","contentRating":"EVERYONE","version":"2.0.3","icon":"icon.png","tags":[{"text":"Indonesia","type":"info"}],"websiteBaseURL":"https://tenshi.id","intents":53},{"id":"WestManga","name":"WestManga","author":"NaufalJCT48","desc":"Extension that pulls manga from https://westmanga.info","website":"http://github.com/NaufalJCT48","contentRating":"EVERYONE","version":"2.0.0","icon":"icon.png","tags":[{"text":"Indonesia","type":"info"}],"websiteBaseURL":"https://westmanga.info","intents":53}],"builtWith":{"toolchain":"0.8.0-alpha.47","types":"0.8.0-alpha.47"}}